Type,Name,Month 1 Forecast,Month 2 Forecast,Month 3 Forecast,MAE,RMSE
Category,Furniture,10048.812,5941.171,17050.664,13915.321041666664,18893.847269098238
Category,Technology,16483.418,17445.61,26589.94,13915.321041666664,18893.847269098238
Category,Office Supplies,23387.363,23402.377,24878.555,13915.321041666664,18893.847269098238
Region,West Region,13661.606,15218.239,26377.096,13915.321041666664,18893.847269098238
Region,East Region,15328.649,18130.502,14968.505,13915.321041666664,18893.847269098238
